Facility|FavID|Inclusion|AltLow|AltHigh|GeoJSON
ZAU|ZAU_H_53855_01373|1|18000|60000|{"type": "Polygon", "coordinates": [[[-111.841666667, 35.7666666667],[-111.841666667, 35.7666666667],[-112.0, 35.4],[-112.153055556, 35.3966666667],[-112.666666667, 35.3833333333],[-112.927777778, 35.2555555556],[-113.616666667, 34.9166666667],[-113.7, 34.8666666667],[-114.0, 34.6666666667],[-114.0, 33.4],[-114.0, 32.6833333333],[-113.684722222, 32.7375],[-113.512769444, 32.1162277778],[-113.508333333, 32.1],[-112.0, 31.6333333333],[-111.083333333, 31.3333333333],[-108.2, 31.3333333333],[-108.2, 31.7833333333],[-106.533333333, 31.7833333333],[-106.5, 31.75],[-106.383333333, 31.7333333333],[-106.2, 31.4666666667],[-105.966666667, 31.3333333333],[-105.55, 31.0],[-105.316666667, 30.8333333333],[-104.983333333, 30.6833333333],[-104.833333333, 30.3666666667],[-104.683333333, 30.15],[-104.7, 30.0],[-104.516666667, 29.65],[-104.35, 29.5333333333],[-104.216666667, 29.4833333333],[-104.15, 29.4],[-104.0, 29.3055555556],[-103.783333333, 29.2652777778],[-103.716666667, 29.1805555556],[-103.55, 29.15],[-103.45, 29.0666666667],[-103.285555556, 28.9766666667],[-103.15, 28.95],[-102.983333333, 29.1833333333],[-102.866666667, 29.2166666667],[-102.883333333, 29.3583333333],[-102.840277778, 29.3611111111],[-102.675, 29.725],[-102.558333333, 29.7666666667],[-102.15, 31.2833333333],[-103.333333333, 31.65],[-103.8, 32.0333333333],[-103.933333333, 32.4666666667],[-103.8, 33.0],[-103.8, 33.3833333333],[-103.691666667, 33.4027777778],[-103.366666667, 33.775],[-102.8, 34.3166666667],[-102.325, 34.55],[-102.0, 34.6],[-100.75, 34.4666666667],[-100.316666667, 34.8666666667],[-100.0, 35.3333333333],[-100.0, 35.8291666667],[-101.75, 36.5],[-102.55, 37.5],[-105.0, 36.7166666667],[-106.083333333, 36.7166666667],[-107.466666667, 36.2],[-108.216666667, 36.0333333333],[-110.233333333, 35.7],[-111.841666667, 35.7666666667]]]}
ZAU|ZAU_L_58555_01373|1|0|18000|{"type": "Polygon", "coordinates": [[[-111.841666667, 35.7666666667],[-111.841666667, 35.7666666667],[-112.0, 35.4],[-112.153055556, 35.3966666667],[-112.666666667, 35.3833333333],[-112.927777778, 35.2555555556],[-113.616666667, 34.9166666667],[-113.7, 34.8666666667],[-114.0, 34.6666666667],[-114.0, 33.4],[-114.0, 32.6833333333],[-113.684722222, 32.7375],[-113.512769444, 32.1162277778],[-113.508333333, 32.1],[-112.0, 31.6333333333],[-111.083333333, 31.3333333333],[-108.2, 31.3333333333],[-108.2, 31.7833333333],[-106.533333333, 31.7833333333],[-106.5, 31.75],[-106.383333333, 31.7333333333],[-106.2, 31.4666666667],[-105.966666667, 31.3333333333],[-105.55, 31.0],[-105.316666667, 30.8333333333],[-104.983333333, 30.6833333333],[-104.833333333, 30.3666666667],[-104.683333333, 30.15],[-104.7, 30.0],[-104.516666667, 29.65],[-104.35, 29.5333333333],[-104.216666667, 29.4833333333],[-104.15, 29.4],[-104.0, 29.3055555556],[-103.783333333, 29.2652777778],[-103.716666667, 29.1805555556],[-103.55, 29.15],[-103.45, 29.0666666667],[-103.285555556, 28.9766666667],[-103.15, 28.95],[-102.983333333, 29.1833333333],[-102.866666667, 29.2166666667],[-102.883333333, 29.3583333333],[-102.840277778, 29.3611111111],[-102.675, 29.725],[-102.558333333, 29.7666666667],[-102.15, 31.2833333333],[-103.333333333, 31.65],[-103.8, 32.0333333333],[-103.933333333, 32.4666666667],[-103.8, 33.0],[-103.8, 33.3833333333],[-103.691666667, 33.4027777778],[-103.366666667, 33.775],[-102.8, 34.3166666667],[-102.325, 34.55],[-102.0, 34.6],[-100.75, 34.4666666667],[-100.316666667, 34.8666666667],[-100.0, 35.3333333333],[-100.0, 35.8291666667],[-101.75, 36.5],[-102.55, 37.5],[-105.0, 36.7166666667],[-106.083333333, 36.7166666667],[-107.466666667, 36.2],[-108.216666667, 36.0333333333],[-110.233333333, 35.7],[-111.841666667, 35.7666666667]]]}
ZAU|ZAU_B_51330_50066|1|0|18000|{"type": "Polygon", "coordinates": [[[159.0, 50.0833333333],[159.0, 50.0833333333],[169.0, 54.0],[170.0, 54.6691666667],[170.0, 51.5],[173.733333333, 51.0833333333],[-176.566666667, 50.1333333333],[162.916666667, 45.7],[159.0, 50.0833333333]]]}
ZAU|ZAU_B_51415_51390|1|0|18000|{"type": "Polygon", "coordinates": [[[-141.0, 90.0],[-141.0, 90.0],[-168.973055556, 68.0],[-158.0, 72.0],[-141.0, 72.0],[-141.0, 90.0]]]}
ZAU|ZAU_H_56720_56710|1|18000|60000|{"type": "Polygon", "coordinates": [[[-168.973055556, 68.0],[-168.973055556, 68.0],[-158.0, 72.0],[-141.0, 72.0],[-141.0, 62.0],[-139.183333333, 60.35],[-139.075, 60.3513888889],[-139.066666667, 60.3208333333],[-139.2, 60.0861111111],[-139.05, 59.9916666667],[-138.708333333, 59.9],[-138.666666667, 59.8083333333],[-138.633333333, 59.7708333333],[-138.624352778, 59.7689111111],[-136.236880556, 59.5297972222],[-134.987925, 59.3874555556],[-135.025, 59.35],[-134.958333333, 59.2833333333],[-134.7, 59.25],[-134.683333333, 59.1916666667],[-134.575, 59.1333333333],[-134.483333333, 59.1333333333],[-134.45, 59.0916666667],[-134.383333333, 59.0416666667],[-134.408333333, 58.975],[-134.316666667, 58.9625],[-134.3375, 58.925],[-134.25, 58.8583333333],[-133.958333333, 58.7666666667],[-133.833333333, 58.725],[-133.691666667, 58.6],[-133.558333333, 58.525],[-133.375, 58.425],[-133.458333333, 58.3875],[-133.341666667, 58.275],[-133.25, 58.2125],[-133.175, 58.1583333333],[-133.070833333, 58.0],[-132.866666667, 57.8375],[-132.75, 57.7],[-132.666666667, 57.6166666667],[-132.55, 57.4916666667],[-132.366666667, 57.35],[-132.25, 57.2083333333],[-132.375, 57.0875],[-132.041666667, 57.0416666667],[-132.083333333, 57.0],[-132.133333333, 56.875],[-131.875, 56.8083333333],[-131.9, 56.75],[-131.866666667, 56.7041666667],[-131.841666667, 56.6],[-131.583333333, 56.6125],[-131.466666667, 56.55],[-131.183333333, 56.45],[-131.083333333, 56.4083333333],[-130.783333333, 56.3625],[-130.625, 56.2666666667],[-130.55, 56.2458333333],[-130.466666667, 56.2416666667],[-130.433333333, 56.1416666667],[-130.341666667, 56.1291666667],[-130.25, 56.0958333333],[-130.1, 56.125],[-130.0, 56.0083333333],[-130.016666667, 55.9166666667],[-130.0, 55.9083333333],[-130.083333333, 55.825],[-130.125, 55.8083333333],[-130.15, 55.7666666667],[-130.145833333, 55.7166666667],[-130.108333333, 55.6833333333],[-130.125, 55.5833333333],[-130.095833333, 55.5041666667],[-130.033333333, 55.4458333333],[-130.025, 55.3416666667],[-129.970833333, 55.2833333333],[-130.1, 55.1916666667],[-130.1875, 55.0666666667],[-130.266666667, 54.975],[-130.45, 54.85],[-130.55, 54.7958333333],[-130.629166667, 54.7791666667],[-130.65, 54.7625],[-130.625, 54.7416666667],[-130.608333333, 54.7083333333],[-131.8, 54.4916666667],[-132.833333333, 54.5833333333],[-134.0, 54.1083333333],[-135.45, 54.1083333333],[-136.0, 54.0],[-137.0, 53.3674444444],[-151.75, 56.7616666667],[-153.0, 56.0],[-160.0, 53.5],[-167.816666667, 51.4],[-176.566666667, 50.1333333333],[173.733333333, 51.0833333333],[170.0, 51.5],[170.0, 54.6691666667],[-180.0, 60.0],[-175.0, 62.5833333333],[-168.973055556, 65.0],[-168.973055556, 68.0]]]}
ZAU|ZAU_L_62030_62020|1|0|18000|{"type": "Polygon", "coordinates": [[[-168.973055556, 68.0],[-168.973055556, 68.0],[-158.0, 72.0],[-141.0, 72.0],[-141.0, 60.3067472222],[-140.518477778, 60.2201805556],[-140.456261111, 60.3084444444],[-139.979186111, 60.1823111111],[-139.691088889, 60.3355611111],[-139.183333333, 60.35],[-139.075, 60.3513888889],[-139.066666667, 60.3208333333],[-139.2, 60.0861111111],[-139.05, 59.9916666667],[-138.708333333, 59.9],[-138.666666667, 59.8083333333],[-138.633333333, 59.7708333333],[-137.605383333, 59.2441555556],[-137.498113889, 58.9857638889],[-137.524222222, 58.9067416667],[-137.449833333, 58.9087222222],[-137.280961111, 59.0003777778],[-136.967791667, 59.1016111111],[-136.82685, 59.1603305556],[-136.582580556, 59.1662138889],[-136.487858333, 59.2601194444],[-136.493913889, 59.275475],[-136.467405556, 59.2844194444],[-136.475330556, 59.46615],[-136.370625, 59.4499333333],[-136.366425, 59.4492805556],[-136.303205556, 59.4648361111],[-136.236686111, 59.5246416667],[-136.236880556, 59.5297972222],[-136.238008333, 59.5597277778],[-136.352086111, 59.6001388889],[-136.191075, 59.6403416667],[-135.952644444, 59.6621666667],[-135.477294444, 59.7983611111],[-135.358272222, 59.7379388889],[-135.250930556, 59.6986027778],[-135.231833333, 59.6964666667],[-135.217988889, 59.6630972222],[-135.155758333, 59.6260444444],[-135.115980556, 59.6233888889],[-135.027052778, 59.5639777778],[-135.025738889, 59.4750638889],[-135.075436111, 59.4520916667],[-135.099172222, 59.4278527778],[-134.987925, 59.3874555556],[-135.025, 59.35],[-134.958333333, 59.2833333333],[-134.7, 59.25],[-134.683333333, 59.1916666667],[-134.575, 59.1333333333],[-134.483333333, 59.1333333333],[-134.45, 59.0916666667],[-134.383333333, 59.0416666667],[-134.408333333, 58.975],[-134.316666667, 58.9625],[-134.3375, 58.925],[-134.25, 58.8583333333],[-133.958333333, 58.7666666667],[-133.833333333, 58.725],[-133.691666667, 58.6],[-133.558333333, 58.525],[-133.375, 58.425],[-133.458333333, 58.3875],[-133.341666667, 58.275],[-133.25, 58.2125],[-133.175, 58.1583333333],[-133.070833333, 58.0],[-132.866666667, 57.8375],[-132.75, 57.7],[-132.666666667, 57.6166666667],[-132.55, 57.4916666667],[-132.366666667, 57.35],[-132.25, 57.2083333333],[-132.375, 57.0875],[-132.041666667, 57.0416666667],[-132.083333333, 57.0],[-132.133333333, 56.875],[-131.875, 56.8083333333],[-131.9, 56.75],[-131.866666667, 56.7041666667],[-131.841666667, 56.6],[-131.583333333, 56.6125],[-131.466666667, 56.55],[-131.183333333, 56.45],[-131.083333333, 56.4083333333],[-130.783333333, 56.3625],[-130.625, 56.2666666667],[-130.55, 56.2458333333],[-130.466666667, 56.2416666667],[-130.433333333, 56.1416666667],[-130.341666667, 56.1291666667],[-130.25, 56.0958333333],[-130.1, 56.125],[-130.0, 56.0083333333],[-130.016666667, 55.9166666667],[-130.0, 55.9083333333],[-130.083333333, 55.825],[-130.125, 55.8083333333],[-130.15, 55.7666666667],[-130.145833333, 55.7166666667],[-130.108333333, 55.6833333333],[-130.125, 55.5833333333],[-130.095833333, 55.5041666667],[-130.033333333, 55.4458333333],[-130.025, 55.3416666667],[-129.970833333, 55.2833333333],[-130.1, 55.1916666667],[-130.1875, 55.0666666667],[-130.266666667, 54.975],[-130.45, 54.85],[-130.55, 54.7958333333],[-130.629166667, 54.7791666667],[-130.65, 54.7625],[-130.625, 54.7416666667],[-130.608333333, 54.7083333333],[-131.8, 54.4916666667],[-132.833333333, 54.5833333333],[-134.0, 54.1083333333],[-135.45, 54.1083333333],[-136.0, 54.0],[-137.0, 53.3674444444],[-151.75, 56.7616666667],[-153.0, 56.0],[-160.0, 53.5],[-167.816666667, 51.4],[-176.566666667, 50.1333333333],[179.583333333, 50.6166666667],[173.733333333, 51.0833333333],[170.0, 51.5],[170.0, 54.6691666667],[-180.0, 60.0],[-175.0, 62.5833333333],[-168.973055556, 65.0],[-168.973055556, 68.0]]]}
ZAU|ZAU_H_54915_54640|1|18000|60000|{"type": "Polygon", "coordinates": [[[-93.4666666667, 41.6666666667],[-93.4666666667, 41.6666666667],[-93.5083333333, 41.4333333333],[-93.6, 41.1666666667],[-93.4916666667, 40.525],[-91.7416666667, 40.7638888889],[-91.65, 40.7833333333],[-89.75, 40.0],[-88.25, 40.0],[-86.1, 40.0],[-85.525, 40.3541666667],[-84.6833333333, 40.6666666667],[-84.6833333333, 40.775],[-84.7, 40.9083333333],[-84.7, 40.9583333333],[-84.7166666667, 41.2833333333],[-84.7666666667, 41.8583333333],[-85.0, 42.0],[-85.0, 43.5],[-84.9636111111, 43.5866666667],[-87.1694444444, 43.6916666667],[-87.5416666667, 43.9666666667],[-88.4666666667, 44.1],[-88.7541666667, 44.1594444444],[-89.0761111111, 44.225],[-89.5875, 44.1541666667],[-90.2916666667, 44.1541666667],[-90.8291666667, 43.6180555556],[-91.0833333333, 43.3666666667],[-91.725, 42.725],[-93.0, 42.7833333333],[-93.05, 42.6666666667],[-93.4666666667, 41.6666666667]]]}
ZAU|ZAU_L_60380_59940|1|0|18000|{"type": "Polygon", "coordinates": [[[-93.4666666667, 41.6666666667],[-93.4666666667, 41.6666666667],[-93.5083333333, 41.4333333333],[-93.6, 41.1666666667],[-93.4916666667, 40.525],[-91.7416666667, 40.7638888889],[-91.65, 40.7833333333],[-89.75, 40.0],[-88.25, 40.0],[-86.95, 40.0],[-86.1, 40.0],[-85.9555555556, 40.1194444444],[-85.5041666667, 40.5583333333],[-85.4144444444, 40.6633333333],[-84.9919444444, 40.6069444444],[-84.6844444444, 40.7463888889],[-84.7, 40.9083333333],[-84.7, 40.9583333333],[-84.7166666667, 41.2833333333],[-85.1083333333, 41.3833333333],[-85.0, 41.85],[-85.0, 43.5],[-84.9636111111, 43.5866666667],[-87.1694444444, 43.6916666667],[-87.5416666667, 43.9666666667],[-88.4666666667, 44.1],[-88.7541666667, 44.1594444444],[-89.0761111111, 44.225],[-89.5875, 44.1541666667],[-90.2916666667, 44.1541666667],[-90.8291666667, 43.6180555556],[-91.0833333333, 43.3666666667],[-91.725, 42.725],[-93.0, 42.7833333333],[-93.05, 42.6666666667],[-93.4666666667, 41.6666666667]]]}
ZAU|ZAU_H_01338_01339|1|18000|60000|{"type": "Polygon", "coordinates": [[[-76.7966666667, 43.6311111111],[-76.7966666667, 43.6311111111],[-76.7805555556, 43.4],[-76.7783333333, 43.3544444444],[-76.775, 43.3291666667],[-76.7638888889, 43.0666666667],[-76.7333333333, 43.0166666667],[-76.6666666667, 42.8833333333],[-76.6891666667, 42.7686111111],[-76.6972222222, 42.7277777778],[-76.8027777778, 42.6083333333],[-76.0166666667, 42.2833333333],[-75.3416666667, 41.9888888889],[-75.0583333333, 41.8694444444],[-74.9083333333, 41.8013888889],[-74.8083333333, 41.7583333333],[-74.7666666667, 41.7333333333],[-74.4444444444, 41.4375],[-73.8666666667, 41.2458333333],[-73.8597222222, 40.8583333333],[-73.3777777778, 40.8583333333],[-73.2916666667, 40.8013888889],[-73.6986111111, 40.2388888889],[-73.7291666667, 39.9333333333],[-73.2833333333, 39.7333333333],[-73.15, 39.7333333333],[-73.0083333333, 39.9944444444],[-72.7819444444, 40.1986111111],[-72.5, 40.0722222222],[-70.8794444444, 40.5766666667],[-69.3416666667, 40.925],[-69.0, 41.0],[-67.0, 41.6166666667],[-67.0, 41.8666666667],[-67.0, 44.9333333333],[-67.775, 45.625],[-67.8069444444, 45.7833333333],[-67.5833333333, 45.825],[-67.2166666667, 46.1430555556],[-67.2166666667, 46.2],[-67.3, 46.5361111111],[-67.2491666667, 46.5725],[-67.2033333333, 46.6119444444],[-67.1702777778, 46.6452777778],[-67.1275, 46.6983333333],[-67.0977777778, 46.7444444444],[-67.0741666667, 46.7922222222],[-67.0566666667, 46.8413888889],[-67.0455555556, 46.8913888889],[-67.0405555556, 46.9416666667],[-67.0422222222, 46.9922222222],[-67.0502777778, 47.0425],[-67.0647222222, 47.0919444444],[-67.0852777778, 47.1405555556],[-67.1122222222, 47.1875],[-67.145, 47.2327777778],[-67.1836111111, 47.2758333333],[-67.2277777778, 47.3166666667],[-67.2769444444, 47.3544444444],[-67.3305555556, 47.3894444444],[-67.3888888889, 47.4208333333],[-67.4508333333, 47.4486111111],[-67.5163888889, 47.4727777778],[-67.5847222222, 47.4927777778],[-67.6555555556, 47.5086111111],[-67.7280555556, 47.5202777778],[-67.8019444444, 47.5275],[-67.8763888889, 47.5302777778],[-67.9508333333, 47.5286111111],[-68.025, 47.5227777778],[-68.0977777778, 47.5122222222],[-68.1691666667, 47.4975],[-68.2383333333, 47.4783333333],[-68.3044444444, 47.4552777778],[-68.3675, 47.4283333333],[-68.4266666667, 47.3977777778],[-68.4819444444, 47.3638888889],[-68.5322222222, 47.3266666667],[-68.5666666667, 47.2875],[-69.2166666667, 47.45],[-70.0, 46.75],[-70.0583333333, 46.4166666667],[-70.2083333333, 46.3083333333],[-70.25, 45.9083333333],[-70.5027777778, 45.6861111111],[-71.0, 45.3166666667],[-71.3361111111, 45.2833333333],[-71.4833333333, 45.0166666667],[-74.25, 45.0],[-74.5666666667, 45.1833333333],[-74.7844444444, 45.1430555556],[-74.9666666667, 45.0691666667],[-74.8833333333, 44.9666666667],[-75.75, 44.8166666667],[-75.7, 44.6666666667],[-75.5, 44.7166666667],[-75.7666666667, 44.5125],[-75.8166666667, 44.4458333333],[-75.95, 44.3472222222],[-76.0, 44.35],[-76.0666666667, 44.3222222222],[-76.1333333333, 44.2916666667],[-76.1833333333, 44.2333333333],[-76.2333333333, 44.2041666667],[-76.2833333333, 44.2041666667],[-76.3333333333, 44.1666666667],[-76.4166666667, 44.1041666667],[-76.7966666667, 43.6311111111]]]}
ZAU|ZAU_L_01338_01339|1|0|18000|{"type": "Polygon", "coordinates": [[[-76.7966666667, 43.6311111111],[-76.7966666667, 43.6311111111],[-76.7805555556, 43.4],[-76.7783333333, 43.3544444444],[-76.775, 43.3291666667],[-76.7638888889, 43.0666666667],[-76.7333333333, 43.0166666667],[-76.6666666667, 42.8833333333],[-76.4833333333, 42.9416666667],[-76.0888888889, 42.9375],[-76.0138888889, 42.8625],[-75.9694444444, 42.6958333333],[-76.0527777778, 42.3119444444],[-75.3416666667, 41.9888888889],[-75.0583333333, 41.8694444444],[-74.9583333333, 41.7416666667],[-74.3458333333, 41.4833333333],[-74.075, 41.3416666667],[-74.0847222222, 41.3194444444],[-74.0061111111, 41.2944444444],[-73.8666666667, 41.2458333333],[-73.8597222222, 40.8583333333],[-73.3777777778, 40.8583333333],[-73.2916666667, 40.8013888889],[-73.6361111111, 40.3319444444],[-73.4, 40.3875],[-73.2541666667, 40.4097222222],[-73.2361111111, 40.3986111111],[-72.9888888889, 40.2916666667],[-72.5, 40.0722222222],[-70.8794444444, 40.5766666667],[-69.3416666667, 40.925],[-69.0, 41.0],[-67.0, 41.6166666667],[-67.0, 41.8666666667],[-67.0, 44.9333333333],[-67.775, 45.625],[-67.8069444444, 45.7833333333],[-67.5833333333, 45.825],[-67.2166666667, 46.1430555556],[-67.2166666667, 46.2],[-67.3, 46.5361111111],[-67.2491666667, 46.5725],[-67.2033333333, 46.6119444444],[-67.1702777778, 46.6452777778],[-67.1275, 46.6983333333],[-67.0977777778, 46.7444444444],[-67.0741666667, 46.7922222222],[-67.0566666667, 46.8413888889],[-67.0455555556, 46.8913888889],[-67.0405555556, 46.9416666667],[-67.0422222222, 46.9922222222],[-67.0502777778, 47.0425],[-67.0647222222, 47.0919444444],[-67.0852777778, 47.1405555556],[-67.1122222222, 47.1875],[-67.145, 47.2327777778],[-67.1836111111, 47.2758333333],[-67.2277777778, 47.3166666667],[-67.2769444444, 47.3544444444],[-67.3305555556, 47.3894444444],[-67.3888888889, 47.4208333333],[-67.4508333333, 47.4486111111],[-67.5163888889, 47.4727777778],[-67.5847222222, 47.4927777778],[-67.6555555556, 47.5086111111],[-67.7280555556, 47.5202777778],[-67.8019444444, 47.5275],[-67.8763888889, 47.5302777778],[-67.9508333333, 47.5286111111],[-68.025, 47.5227777778],[-68.0977777778, 47.5122222222],[-68.1691666667, 47.4975],[-68.2383333333, 47.4783333333],[-68.3044444444, 47.4552777778],[-68.3675, 47.4283333333],[-68.4266666667, 47.3977777778],[-68.4819444444, 47.3638888889],[-68.5322222222, 47.3266666667],[-68.5666666667, 47.2875],[-69.2166666667, 47.45],[-70.0, 46.75],[-70.0583333333, 46.4166666667],[-70.2083333333, 46.3083333333],[-70.25, 45.9083333333],[-70.5027777778, 45.6861111111],[-71.0, 45.3166666667],[-71.3361111111, 45.2833333333],[-71.4833333333, 45.0166666667],[-74.25, 45.0],[-74.5666666667, 45.1833333333],[-74.7844444444, 45.1430555556],[-74.9666666667, 45.0691666667],[-74.8833333333, 44.9666666667],[-75.75, 44.8166666667],[-75.7, 44.6666666667],[-75.5, 44.7166666667],[-75.7666666667, 44.5125],[-75.8166666667, 44.4458333333],[-75.95, 44.3472222222],[-76.0, 44.35],[-76.0666666667, 44.3222222222],[-76.1333333333, 44.2916666667],[-76.1833333333, 44.2333333333],[-76.2333333333, 44.2041666667],[-76.2833333333, 44.2041666667],[-76.3333333333, 44.1666666667],[-76.4166666667, 44.1041666667],[-76.7966666667, 43.6311111111]]]}
ZAU|ZAU_H_53890_53830|1|18000|60000|{"type": "Polygon", "coordinates": [[[-80.4, 39.1666666667],[-80.4, 39.1666666667],[-80.5666666667, 38.7666666667],[-80.7166666667, 38.0416666667],[-80.8416666667, 37.4666666667],[-80.7458333333, 37.3041666667],[-80.6333333333, 37.3319444444],[-79.95, 36.1541666667],[-79.7444444444, 36.0888888889],[-79.8041666667, 35.3833333333],[-80.0, 35.1083333333],[-80.1472222222, 34.8555555556],[-79.9166666667, 34.85],[-79.7280555556, 34.7133333333],[-79.3333333333, 34.425],[-78.75, 34.4444444444],[-76.7794444444, 32.9677777778],[-75.6838888889, 34.6002777778],[-75.19, 35.3080555556],[-74.9369444444, 35.4969444444],[-74.5997222222, 36.7877777778],[-74.5997222222, 37.0816666667],[-73.9833333333, 38.5416666667],[-73.8416666667, 38.7666666667],[-73.4333333333, 39.3333333333],[-73.1666666667, 39.6833333333],[-73.2833333333, 39.7333333333],[-73.7291666667, 39.9333333333],[-73.6986111111, 40.2388888889],[-74.6847222222, 39.9833333333],[-74.7833333333, 40.1097222222],[-75.3291666667, 40.0694444444],[-75.625, 39.8611111111],[-75.65, 39.85],[-76.3472222222, 39.3916666667],[-76.8555555556, 39.385],[-77.3583333333, 39.51],[-77.3566666667, 39.7816666667],[-77.6172222222, 39.7722222222],[-77.8402777778, 39.8555555556],[-77.9333333333, 39.85],[-79.5430555556, 39.3708333333],[-79.8944444444, 39.1736111111],[-80.4, 39.1666666667]]]}
ZAU|ZAU_L_59190_59130|1|0|18000|{"type": "Polygon", "coordinates": [[[-80.4, 39.1666666667],[-80.4, 39.1666666667],[-80.5666666667, 38.7666666667],[-80.7166666667, 38.0416666667],[-80.8416666667, 37.4666666667],[-80.7458333333, 37.3041666667],[-80.6333333333, 37.3319444444],[-79.95, 36.1541666667],[-79.7444444444, 36.0888888889],[-79.8041666667, 35.3833333333],[-80.0, 35.1083333333],[-80.1472222222, 34.8555555556],[-79.9166666667, 34.85],[-79.7280555556, 34.7133333333],[-78.75, 34.4444444444],[-76.7794444444, 32.9677777778],[-75.6838888889, 34.6002777778],[-75.19, 35.3080555556],[-74.9369444444, 35.4969444444],[-74.5997222222, 36.7877777778],[-74.5997222222, 37.0816666667],[-73.9833333333, 38.5416666667],[-73.8416666667, 38.7666666667],[-73.6583333333, 39.0347222222],[-74.1944444444, 39.5791666667],[-74.4986111111, 39.5930555556],[-74.4555555556, 39.6558333333],[-74.8, 39.6527777778],[-74.9111111111, 39.7097222222],[-74.94, 39.7516666667],[-74.8041666667, 39.9],[-74.6847222222, 39.9833333333],[-74.4527777778, 40.1444444444],[-74.3333333333, 40.25],[-74.5152777778, 40.3083333333],[-74.6763888889, 40.2583333333],[-74.9569444444, 40.3416666667],[-75.0166666667, 40.2902777778],[-75.0163888889, 40.29],[-75.0366666667, 40.255],[-75.0575, 40.2394444444],[-75.0758333333, 40.2305555556],[-75.0963888889, 40.2227777778],[-75.1197222222, 40.2175],[-75.1183333333, 40.2166666667],[-75.625, 39.8611111111],[-75.65, 39.85],[-76.3472222222, 39.3916666667],[-76.8555555556, 39.385],[-77.3583333333, 39.51],[-77.3566666667, 39.7816666667],[-77.355, 39.875],[-77.8402777778, 39.8555555556],[-77.9333333333, 39.85],[-79.5430555556, 39.3708333333],[-79.8944444444, 39.1736111111],[-80.4, 39.1666666667]]]}
ZAU|ZAU_H_55480_55560|1|18000|60000|{"type": "Polygon", "coordinates": [[[-103.166666667, 44.9583333333],[-103.166666667, 44.9583333333],[-104.25, 45.1166666667],[-106.0, 45.2375],[-106.266666667, 44.3166666667],[-107.283333333, 43.8833333333],[-107.05, 42.4166666667],[-108.0, 41.6083333333],[-108.275, 41.3666666667],[-109.1, 40.85],[-109.166666667, 40.0],[-110.3, 39.5833333333],[-109.983333333, 39.2166666667],[-109.983333333, 38.9333333333],[-109.983333333, 38.2],[-110.156944444, 38.1291666667],[-110.883333333, 37.8333333333],[-111.879166667, 37.4125],[-111.608333333, 36.7333333333],[-111.504166667, 36.4208333333],[-111.841666667, 35.7666666667],[-110.233333333, 35.7],[-108.216666667, 36.0333333333],[-107.466666667, 36.2],[-106.083333333, 36.7166666667],[-105.0, 36.7166666667],[-102.55, 37.5],[-98.8, 39.4666666667],[-99.0583333333, 39.9833333333],[-99.0166666667, 42.0],[-100.1, 43.2888888889],[-101.408333333, 43.7083333333],[-101.483333333, 44.7],[-103.166666667, 44.9583333333]]]}
ZAU|ZAU_L_60790_60870|1|0|18000|{"type": "Polygon", "coordinates": [[[-103.166666667, 44.9583333333],[-103.166666667, 44.9583333333],[-104.25, 45.1166666667],[-106.0, 45.2375],[-106.266666667, 44.3166666667],[-107.283333333, 43.8833333333],[-107.05, 42.4166666667],[-108.0, 41.6083333333],[-108.275, 41.3666666667],[-109.1, 40.85],[-109.166666667, 40.0],[-110.3, 39.5833333333],[-109.983333333, 39.2166666667],[-109.983333333, 38.9333333333],[-109.983333333, 38.2],[-110.156944444, 38.1291666667],[-110.883333333, 37.8333333333],[-111.879166667, 37.4125],[-111.608333333, 36.7333333333],[-111.504166667, 36.4208333333],[-111.841666667, 35.7666666667],[-110.233333333, 35.7],[-108.216666667, 36.0333333333],[-107.466666667, 36.2],[-106.083333333, 36.7166666667],[-105.0, 36.7166666667],[-102.55, 37.5],[-98.8, 39.4666666667],[-99.0583333333, 39.9833333333],[-99.0166666667, 42.0],[-100.1, 43.2888888889],[-101.408333333, 43.7083333333],[-101.483333333, 44.7],[-103.166666667, 44.9583333333]]]}
ZAU|ZAU_H_53300_53200|1|18000|60000|{"type": "Polygon", "coordinates": [[[-100.0, 35.8291666667],[-100.0, 35.8291666667],[-100.0, 35.3333333333],[-100.316666667, 34.8666666667],[-100.75, 34.4666666667],[-102.0, 34.6],[-102.325, 34.55],[-102.8, 34.3166666667],[-103.366666667, 33.775],[-103.691666667, 33.4027777778],[-103.8, 33.3833333333],[-103.8, 33.0],[-103.933333333, 32.4666666667],[-103.8, 32.0333333333],[-103.333333333, 31.65],[-102.15, 31.2833333333],[-100.55, 30.9833333333],[-99.4666666667, 31.3833333333],[-97.7944444444, 31.3902777778],[-97.7125, 31.375],[-97.5125, 31.2125],[-97.2, 31.2],[-96.6833333333, 31.2041666667],[-95.9833333333, 31.4666666667],[-94.2, 31.5722222222],[-93.3208333333, 31.5583333333],[-92.2583333333, 32.2833333333],[-91.6888888889, 32.2833333333],[-91.9, 33.0041666667],[-93.1583333333, 33.95],[-93.5416666667, 34.0333333333],[-94.5333333333, 34.5333333333],[-94.7833333333, 34.6916666667],[-95.0, 35.0666666667],[-95.0, 35.3833333333],[-95.0, 35.6541666667],[-95.3666666667, 35.8708333333],[-95.6125, 36.0166666667],[-96.05, 35.8708333333],[-96.4041666667, 35.65],[-97.0833333333, 35.4583333333],[-97.5833333333, 35.4916666667],[-97.8833333333, 35.925],[-98.0166666667, 35.8833333333],[-98.5, 35.8166666667],[-100.0, 35.8291666667]]]}
ZAU|ZAU_L_58620_58520|1|0|18000|{"type": "Polygon", "coordinates": [[[-100.0, 35.8291666667],[-100.0, 35.8291666667],[-100.0, 35.3333333333],[-100.316666667, 34.8666666667],[-100.75, 34.4666666667],[-102.0, 34.6],[-102.325, 34.55],[-102.8, 34.3166666667],[-103.366666667, 33.775],[-103.691666667, 33.4027777778],[-103.8, 33.3833333333],[-103.8, 33.0],[-103.933333333, 32.4666666667],[-103.8, 32.0333333333],[-103.333333333, 31.65],[-102.15, 31.2833333333],[-100.55, 30.9833333333],[-99.4666666667, 31.3833333333],[-97.7944444444, 31.3902777778],[-97.7125, 31.375],[-97.5125, 31.2125],[-97.2, 31.2],[-96.6833333333, 31.2041666667],[-95.9833333333, 31.4666666667],[-94.2, 31.5722222222],[-93.3208333333, 31.5583333333],[-92.2583333333, 32.2833333333],[-91.6888888889, 32.2833333333],[-91.9, 33.0041666667],[-93.1583333333, 33.95],[-93.5416666667, 34.0333333333],[-94.5333333333, 34.5333333333],[-94.7833333333, 34.6916666667],[-95.0, 35.0666666667],[-95.0, 35.3833333333],[-95.0, 35.6541666667],[-95.6125, 36.0166666667],[-96.05, 35.8708333333],[-96.4041666667, 35.65],[-97.0833333333, 35.4583333333],[-97.5833333333, 35.4916666667],[-97.8833333333, 35.925],[-98.0166666667, 35.8833333333],[-98.5, 35.8166666667],[-100.0, 35.8291666667]]]}
ZAU|ZAU_B_50660_50590|1|0|18000|{"type": "Polygon", "coordinates": [[[-95.9166666667, 26.0],[-95.9166666667, 26.0],[-93.0, 24.5],[-88.0, 24.5],[-86.0, 24.0],[-84.9997222222, 24.0],[-84.9997222222, 25.0336111111],[-85.0916666667, 26.2],[-85.4138888889, 26.6027777778],[-86.0, 27.0],[-86.8172222222, 27.2413888889],[-87.6833333333, 27.5],[-88.0, 28.1416666667],[-89.0, 28.25],[-94.0, 28.25],[-95.15, 27.5333333333],[-95.9166666667, 26.0]]]}
ZAU|ZAU_H_52188_52130|1|18000|60000|{"type": "Polygon", "coordinates": [[[-102.558333333, 29.7666666667],[-102.558333333, 29.7666666667],[-102.4, 29.7666666667],[-102.316666667, 29.875],[-102.05, 29.7916666667],[-101.8, 29.7833333333],[-101.516666667, 29.7583333333],[-101.291666667, 29.5833333333],[-101.25, 29.5333333333],[-101.0, 29.3666666667],[-100.75, 29.1666666667],[-100.633333333, 28.9],[-100.483333333, 28.65],[-100.191666667, 28.1833333333],[-99.95, 27.9833333333],[-99.8333333333, 27.775],[-99.7, 27.65],[-99.525, 27.4916666667],[-99.5166666667, 27.3083333333],[-99.45, 27.0666666667],[-99.3166666667, 26.8833333333],[-99.1833333333, 26.6666666667],[-99.0666666667, 26.4],[-98.65, 26.2333333333],[-98.2166666667, 26.0666666667],[-98.05, 26.05],[-97.75, 26.0333333333],[-97.4, 25.8416666667],[-97.0, 26.0],[-96.0, 26.0],[-95.9166666667, 26.0],[-95.15, 27.5333333333],[-94.0, 28.25],[-89.0, 28.25],[-88.0, 28.1416666667],[-88.025, 30.2208333333],[-87.9166666667, 30.5166666667],[-87.9166666667, 30.6333333333],[-87.8083333333, 30.6833333333],[-87.7166666667, 30.6916666667],[-87.6833333333, 30.8458333333],[-87.6583333333, 30.9583333333],[-87.4, 31.2805555556],[-87.8166666667, 31.5208333333],[-88.325, 31.5166666667],[-88.9, 31.5472222222],[-89.85, 31.6305555556],[-90.3458333333, 31.65],[-91.3083333333, 31.9125],[-91.6888888889, 32.2833333333],[-92.2583333333, 32.2833333333],[-93.3208333333, 31.5583333333],[-94.2, 31.5722222222],[-95.9833333333, 31.4666666667],[-96.6833333333, 31.2041666667],[-97.2, 31.2],[-97.5125, 31.2125],[-97.7125, 31.375],[-97.7944444444, 31.3902777778],[-99.4666666667, 31.3833333333],[-100.55, 30.9833333333],[-102.15, 31.2833333333],[-102.558333333, 29.7666666667]]]}
ZAU|ZAU_L_59009_57440|1|0|18000|{"type": "Polygon", "coordinates": [[[-102.558333333, 29.7666666667],[-102.558333333, 29.7666666667],[-102.4, 29.7666666667],[-102.316666667, 29.875],[-102.05, 29.7916666667],[-101.8, 29.7833333333],[-101.516666667, 29.7583333333],[-101.291666667, 29.5833333333],[-101.25, 29.5333333333],[-101.0, 29.3666666667],[-100.75, 29.1666666667],[-100.633333333, 28.9],[-100.483333333, 28.65],[-100.191666667, 28.1833333333],[-99.95, 27.9833333333],[-99.8333333333, 27.775],[-99.7, 27.65],[-99.525, 27.4916666667],[-99.5166666667, 27.3083333333],[-99.45, 27.0666666667],[-99.3166666667, 26.8833333333],[-99.1833333333, 26.6666666667],[-99.0666666667, 26.4],[-98.65, 26.2333333333],[-98.2166666667, 26.0666666667],[-98.05, 26.05],[-97.75, 26.0333333333],[-97.4, 25.8416666667],[-97.0, 26.0],[-96.0, 26.0],[-95.9166666667, 26.0],[-95.15, 27.5333333333],[-94.0, 28.25],[-89.0, 28.25],[-88.0, 28.1416666667],[-88.025, 30.2208333333],[-87.9166666667, 30.5166666667],[-87.9166666667, 30.6333333333],[-87.8083333333, 30.6833333333],[-87.7166666667, 30.6916666667],[-87.6833333333, 30.8458333333],[-87.6583333333, 30.9583333333],[-87.4, 31.2805555556],[-87.8166666667, 31.5208333333],[-88.325, 31.5166666667],[-88.9, 31.5472222222],[-89.85, 31.6305555556],[-90.3458333333, 31.65],[-91.3083333333, 31.9125],[-91.6888888889, 32.2833333333],[-92.2583333333, 32.2833333333],[-93.3208333333, 31.5583333333],[-94.2, 31.5722222222],[-95.9833333333, 31.4666666667],[-96.6833333333, 31.2041666667],[-97.2, 31.2],[-97.5125, 31.2125],[-97.7125, 31.375],[-97.7944444444, 31.3902777778],[-99.4666666667, 31.3833333333],[-100.55, 30.9833333333],[-102.15, 31.2833333333],[-102.558333333, 29.7666666667]]]}
ZAU|ZAU_H_54140_54120|1|18000|60000|{"type": "Polygon", "coordinates": [[[-88.25, 40.0],[-88.25, 40.0],[-88.1833333333, 39.9041666667],[-88.1480555556, 39.8683333333],[-88.0944444444, 38.4852777778],[-88.2333333333, 38.15],[-88.3166666667, 37.725],[-87.3972222222, 37.275],[-86.15, 37.3],[-85.7458333333, 37.0138888889],[-85.5833333333, 36.9],[-85.4, 36.1833333333],[-80.7458333333, 37.3041666667],[-80.8416666667, 37.4666666667],[-80.7166666667, 38.0416666667],[-80.5666666667, 38.7666666667],[-80.4, 39.1666666667],[-80.5, 39.1666666667],[-81.55, 39.75],[-81.6333333333, 40.2166666667],[-81.7833333333, 40.6],[-83.3333333333, 40.5083333333],[-83.5, 40.5583333333],[-83.65, 40.7375],[-83.7458333333, 40.7833333333],[-84.7, 40.9083333333],[-84.6833333333, 40.775],[-84.6833333333, 40.6666666667],[-85.525, 40.3541666667],[-86.1, 40.0],[-88.25, 40.0]]]}
ZAU|ZAU_L_59250_59100|1|0|18000|{"type": "Polygon", "coordinates": [[[-88.1480555556, 39.8683333333],[-88.1480555556, 39.8683333333],[-88.0944444444, 38.4852777778],[-88.2333333333, 38.15],[-88.3166666667, 37.725],[-87.3972222222, 37.275],[-86.15, 37.3],[-85.7458333333, 37.0138888889],[-85.5833333333, 36.9],[-85.4, 36.1833333333],[-80.7458333333, 37.3041666667],[-80.8416666667, 37.4666666667],[-80.7166666667, 38.0416666667],[-80.5666666667, 38.7666666667],[-80.4, 39.1666666667],[-80.5, 39.1666666667],[-81.55, 39.75],[-81.6333333333, 40.2166666667],[-81.7833333333, 40.6],[-83.3333333333, 40.5083333333],[-83.5, 40.5583333333],[-83.65, 40.7375],[-83.7458333333, 40.7833333333],[-84.7, 40.9083333333],[-84.6844444444, 40.7463888889],[-84.9919444444, 40.6069444444],[-85.4144444444, 40.6633333333],[-85.5041666667, 40.5583333333],[-85.9555555556, 40.1194444444],[-86.1, 40.0],[-86.95, 40.0],[-88.25, 40.0],[-88.1833333333, 39.9041666667],[-88.1480555556, 39.8683333333]]]}
ZAU|ZAU_H_52380_52320|1|18000|60000|{"type": "Polygon", "coordinates": [[[-87.4, 31.2805555556],[-87.4, 31.2805555556],[-87.6583333333, 30.9583333333],[-87.6833333333, 30.8458333333],[-87.7166666667, 30.6916666667],[-87.8083333333, 30.6833333333],[-87.9166666667, 30.6333333333],[-87.9166666667, 30.5166666667],[-88.025, 30.2208333333],[-88.0, 28.1416666667],[-87.6833333333, 27.5],[-86.8172222222, 27.2413888889],[-86.0, 27.0],[-85.6222222222, 27.2538888889],[-85.25, 27.5],[-84.95, 28.0333333333],[-84.6158333333, 28.0627777778],[-84.5, 28.1666666667],[-84.0166666667, 28.55],[-83.5166666667, 28.4],[-83.2083333333, 28.1583333333],[-83.1172222222, 28.0872222222],[-82.9416666667, 27.95],[-82.3833333333, 27.95],[-81.0, 28.5666666667],[-80.9861111111, 28.7277777778],[-80.7333333333, 28.9],[-80.1833333333, 29.0],[-79.6166666667, 29.2083333333],[-79.3111111111, 30.1375],[-79.1847222222, 30.2027777778],[-77.0, 30.0],[-77.0, 32.2622222222],[-76.7794444444, 32.9677777778],[-78.75, 34.4444444444],[-79.3333333333, 34.425],[-79.7280555556, 34.7133333333],[-79.9166666667, 34.85],[-80.1472222222, 34.8555555556],[-80.4688888889, 34.7475],[-81.3333333333, 34.3944444444],[-81.5744444444, 34.2936111111],[-81.8044444444, 33.9852777778],[-81.85, 33.8888888889],[-81.8413888889, 32.9002777778],[-81.9333333333, 32.5625],[-82.3333333333, 32.1666666667],[-83.1125, 31.6833333333],[-84.1, 31.6833333333],[-85.3083333333, 31.5333333333],[-85.5833333333, 31.7625],[-86.95, 31.4916666667],[-87.4, 31.2805555556]]]}
ZAU|ZAU_L_57700_57640|1|0|18000|{"type": "Polygon", "coordinates": [[[-87.4, 31.2805555556],[-87.4, 31.2805555556],[-87.6583333333, 30.9583333333],[-87.6833333333, 30.8458333333],[-87.7166666667, 30.6916666667],[-87.8083333333, 30.6833333333],[-87.9166666667, 30.6333333333],[-87.9166666667, 30.5166666667],[-88.025, 30.2208333333],[-88.0, 28.1416666667],[-87.6833333333, 27.5],[-86.8172222222, 27.2413888889],[-86.0, 27.0],[-85.6222222222, 27.2538888889],[-85.25, 27.5],[-84.95, 28.0333333333],[-84.6158333333, 28.0627777778],[-84.5, 28.1666666667],[-84.0166666667, 28.55],[-83.5166666667, 28.4],[-83.2083333333, 28.1583333333],[-83.1172222222, 28.0872222222],[-82.9416666667, 27.95],[-82.3833333333, 27.95],[-81.0, 28.5666666667],[-80.9861111111, 28.7277777778],[-80.7333333333, 28.9],[-80.1833333333, 29.0],[-79.6166666667, 29.2083333333],[-79.3111111111, 30.1375],[-79.1847222222, 30.2027777778],[-77.0, 30.0],[-77.0, 32.2622222222],[-76.7794444444, 32.9677777778],[-78.75, 34.4444444444],[-79.7280555556, 34.7133333333],[-79.9166666667, 34.85],[-80.1472222222, 34.8555555556],[-80.4688888889, 34.7475],[-81.3333333333, 34.3944444444],[-81.5744444444, 34.2936111111],[-81.8044444444, 33.9852777778],[-81.85, 33.8888888889],[-81.8413888889, 32.9002777778],[-81.9333333333, 32.5625],[-82.2, 32.2916666667],[-82.6458333333, 32.4472222222],[-83.4958333333, 32.125],[-83.8, 32.0916666667],[-86.95, 31.4916666667],[-87.4, 31.2805555556]]]}
ZAU|ZAU_H_53940_53640|1|18000|60000|{"type": "Polygon", "coordinates": [[[-98.8, 39.4666666667],[-98.8, 39.4666666667],[-102.55, 37.5],[-101.75, 36.5],[-100.0, 35.8291666667],[-98.5, 35.8166666667],[-98.0166666667, 35.8833333333],[-97.8833333333, 35.925],[-97.5833333333, 35.4916666667],[-97.0833333333, 35.4583333333],[-96.4041666667, 35.65],[-96.05, 35.8708333333],[-95.6125, 36.0166666667],[-95.3666666667, 35.8708333333],[-94.6833333333, 36.4333333333],[-94.4083333333, 36.4916666667],[-93.25, 36.725],[-90.5666666667, 37.15],[-88.8333333333, 37.5333333333],[-88.3166666667, 37.725],[-88.2333333333, 38.15],[-88.0944444444, 38.4852777778],[-88.1480555556, 39.8683333333],[-88.1833333333, 39.9041666667],[-88.25, 40.0],[-89.75, 40.0],[-91.65, 40.7833333333],[-91.7416666667, 40.7638888889],[-93.4916666667, 40.525],[-98.8, 39.4666666667]]]}
ZAU|ZAU_L_59230_58970|1|0|18000|{"type": "Polygon", "coordinates": [[[-98.8, 39.4666666667],[-98.8, 39.4666666667],[-102.55, 37.5],[-101.75, 36.5],[-100.0, 35.8291666667],[-98.5, 35.8166666667],[-98.0166666667, 35.8833333333],[-97.8833333333, 35.925],[-97.5833333333, 35.4916666667],[-97.0833333333, 35.4583333333],[-96.4041666667, 35.65],[-96.05, 35.8708333333],[-95.6125, 36.0166666667],[-95.4, 36.2041666667],[-95.1958333333, 36.2875],[-94.6833333333, 36.4333333333],[-94.4083333333, 36.4916666667],[-93.25, 36.725],[-90.5666666667, 37.15],[-88.8333333333, 37.5333333333],[-88.3166666667, 37.725],[-88.2333333333, 38.15],[-88.0944444444, 38.4852777778],[-88.1480555556, 39.8683333333],[-88.1833333333, 39.9041666667],[-88.25, 40.0],[-89.75, 40.0],[-91.65, 40.7833333333],[-91.7416666667, 40.7638888889],[-93.4916666667, 40.525],[-98.8, 39.4666666667]]]}
ZAU|ZAU_H_53070_52300|1|18000|60000|{"type": "Polygon", "coordinates": [[[-123.25, 34.5],[-123.25, 34.5],[-120.833333333, 30.75],[-120.666666667, 30.8333333333],[-117.314166667, 32.4466666667],[-117.123611111, 32.5341666667],[-115.808333333, 32.6416666667],[-114.718611111, 32.7186111111],[-114.813055556, 32.4938888889],[-114.0, 32.25],[-113.508333333, 32.1],[-113.512769444, 32.1162277778],[-113.684722222, 32.7375],[-114.0, 32.6833333333],[-114.0, 33.4],[-114.0, 34.6666666667],[-113.7, 34.8666666667],[-113.616666667, 34.9166666667],[-112.927777778, 35.2555555556],[-112.666666667, 35.3833333333],[-112.153055556, 35.3966666667],[-112.0, 35.4],[-111.841666667, 35.7666666667],[-111.504166667, 36.4208333333],[-111.608333333, 36.7333333333],[-111.879166667, 37.4125],[-113.0, 37.5],[-113.783333333, 37.7166666667],[-113.700277778, 37.8236111111],[-113.700833333, 37.8955555556],[-114.200833333, 38.0166666667],[-114.500833333, 38.0166666667],[-114.701666667, 37.9997222222],[-116.184166667, 37.8833333333],[-116.434166667, 37.8833333333],[-116.833333333, 37.8833333333],[-116.9175, 37.8833333333],[-117.094722222, 37.8833333333],[-117.094722222, 37.55],[-117.075833333, 37.4416666667],[-117.008333333, 37.3666666667],[-117.333333333, 37.2],[-118.583333333, 37.2],[-118.583333333, 36.1333333333],[-119.166666667, 36.1333333333],[-119.5, 35.6333333333],[-120.116666667, 35.75],[-120.85, 35.5333333333],[-123.25, 34.5]]]}
ZAU|ZAU_L_58390_57620|1|0|18000|{"type": "Polygon", "coordinates": [[[-123.25, 34.5],[-123.25, 34.5],[-120.833333333, 30.75],[-120.666666667, 30.8333333333],[-117.314166667, 32.4466666667],[-117.123611111, 32.5341666667],[-115.808333333, 32.6416666667],[-114.718611111, 32.7186111111],[-114.813055556, 32.4938888889],[-114.0, 32.25],[-113.508333333, 32.1],[-113.512769444, 32.1162277778],[-113.684722222, 32.7375],[-114.0, 32.6833333333],[-114.0, 33.4],[-114.0, 34.6666666667],[-113.7, 34.8666666667],[-113.616666667, 34.9166666667],[-112.927777778, 35.2555555556],[-112.666666667, 35.3833333333],[-112.153055556, 35.3966666667],[-112.0, 35.4],[-111.841666667, 35.7666666667],[-111.504166667, 36.4208333333],[-111.608333333, 36.7333333333],[-111.879166667, 37.4125],[-113.0, 37.5],[-113.783333333, 37.7166666667],[-113.700277778, 37.8236111111],[-113.700833333, 37.8955555556],[-114.200833333, 38.0166666667],[-114.500833333, 38.0166666667],[-114.701666667, 37.9997222222],[-116.184166667, 37.8833333333],[-116.434166667, 37.8833333333],[-116.833333333, 37.8833333333],[-116.9175, 37.8833333333],[-117.094722222, 37.8833333333],[-117.094722222, 37.55],[-117.075833333, 37.4416666667],[-117.008333333, 37.3666666667],[-117.333333333, 37.2],[-118.583333333, 37.2],[-118.583333333, 36.1333333333],[-119.166666667, 36.1333333333],[-119.5, 35.6333333333],[-120.116666667, 35.75],[-120.85, 35.5333333333],[-123.25, 34.5]]]}
ZAU|ZAU_H_56320_56322|1|18000|60000|{"type": "Polygon", "coordinates": [[[-114.666666667, 49.0],[-114.666666667, 49.0],[-115.0, 48.4166666667],[-115.0, 45.3333333333],[-117.75, 45.3333333333],[-118.45, 44.85],[-119.283333333, 43.6333333333],[-119.0, 42.6666666667],[-119.5, 41.0],[-117.366666667, 39.9333333333],[-117.266666667, 38.0833333333],[-117.094722222, 37.8833333333],[-116.9175, 37.8833333333],[-116.833333333, 37.8833333333],[-116.434166667, 37.8833333333],[-116.184166667, 37.8833333333],[-114.701666667, 37.9997222222],[-114.500833333, 38.0166666667],[-114.200833333, 38.0166666667],[-113.700833333, 37.8955555556],[-113.700277778, 37.8236111111],[-113.783333333, 37.7166666667],[-113.0, 37.5],[-111.879166667, 37.4125],[-110.883333333, 37.8333333333],[-110.156944444, 38.1291666667],[-109.983333333, 38.2],[-109.983333333, 38.9333333333],[-109.983333333, 39.2166666667],[-110.3, 39.5833333333],[-109.166666667, 40.0],[-109.1, 40.85],[-108.275, 41.3666666667],[-108.0, 41.6083333333],[-107.05, 42.4166666667],[-107.283333333, 43.8833333333],[-106.266666667, 44.3166666667],[-106.0, 45.2375],[-104.25, 45.1166666667],[-103.166666667, 44.9583333333],[-103.166666667, 46.6],[-103.166666667, 49.0],[-103.5, 49.0],[-104.0, 49.0],[-104.5, 49.0],[-105.0, 49.0],[-105.5, 49.0],[-106.0, 49.0],[-106.5, 49.0],[-107.0, 49.0],[-107.5, 49.0],[-108.0, 49.0],[-108.5, 49.0],[-109.0, 49.0],[-109.5, 49.0],[-110.0, 49.0],[-110.5, 49.0],[-111.0, 49.0],[-111.5, 49.0],[-112.0, 49.0],[-112.5, 49.0],[-113.0, 49.0],[-113.5, 49.0],[-114.0, 49.0],[-114.5, 49.0],[-114.666666667, 49.0]]]}
ZAU|ZAU_L_61630_56322|1|0|18000|{"type": "Polygon", "coordinates": [[[-114.666666667, 49.0],[-114.666666667, 49.0],[-115.0, 48.4166666667],[-115.0, 45.3333333333],[-117.75, 45.3333333333],[-118.45, 44.85],[-119.283333333, 43.6333333333],[-119.0, 42.6666666667],[-119.5, 41.0],[-117.366666667, 39.9333333333],[-117.266666667, 38.0833333333],[-117.094722222, 37.8833333333],[-116.9175, 37.8833333333],[-116.833333333, 37.8833333333],[-116.434166667, 37.8833333333],[-116.184166667, 37.8833333333],[-114.701666667, 37.9997222222],[-114.500833333, 38.0166666667],[-114.200833333, 38.0166666667],[-113.700833333, 37.8955555556],[-113.700277778, 37.8236111111],[-113.783333333, 37.7166666667],[-113.0, 37.5],[-111.879166667, 37.4125],[-110.883333333, 37.8333333333],[-110.156944444, 38.1291666667],[-109.983333333, 38.2],[-109.983333333, 38.9333333333],[-109.983333333, 39.2166666667],[-110.3, 39.5833333333],[-109.166666667, 40.0],[-109.1, 40.85],[-108.275, 41.3666666667],[-108.0, 41.6083333333],[-107.05, 42.4166666667],[-107.283333333, 43.8833333333],[-106.266666667, 44.3166666667],[-106.0, 45.2375],[-104.25, 45.1166666667],[-103.166666667, 44.9583333333],[-103.166666667, 46.6],[-103.166666667, 49.0],[-103.5, 49.0],[-104.0, 49.0],[-104.5, 49.0],[-105.0, 49.0],[-105.5, 49.0],[-106.0, 49.0],[-106.5, 49.0],[-107.0, 49.0],[-107.5, 49.0],[-108.0, 49.0],[-108.5, 49.0],[-109.0, 49.0],[-109.5, 49.0],[-110.0, 49.0],[-110.5, 49.0],[-111.0, 49.0],[-111.5, 49.0],[-112.0, 49.0],[-112.5, 49.0],[-113.0, 49.0],[-113.5, 49.0],[-114.0, 49.0],[-114.5, 49.0],[-114.666666667, 49.0]]]}
ZAU|ZAU_B_00128_56760|1|0|18000|{"type": "Polygon", "coordinates": [[[-84.9997222222, 24.0],[-84.9997222222, 24.0],[-83.1666666667, 24.0],[-83.2405555556, 24.6438888889],[-84.5, 27.5],[-85.25, 27.5],[-86.0, 27.0],[-85.4138888889, 26.6027777778],[-85.0916666667, 26.2],[-84.9997222222, 25.0336111111],[-84.9997222222, 24.0]]]}
ZAU|ZAU_B_32242_50740|1|0|18000|{"type": "Polygon", "coordinates": [[[-77.0, 27.55],[-77.0, 27.55],[-77.0, 27.0],[-78.8833333333, 27.0],[-79.0, 26.45],[-79.0, 24.6666666667],[-78.0, 24.0],[-75.1666666667, 22.0],[-73.3333333333, 20.0],[-73.0, 20.4166666667],[-71.6666666667, 20.4166666667],[-70.5, 20.4166666667],[-69.15, 19.65],[-67.6504166667, 21.2391111111],[-68.4924166667, 25.0],[-69.1166666667, 25.0],[-73.2, 25.0],[-74.8333333333, 27.8333333333],[-76.2644444444, 27.8333333333],[-77.0, 27.55]]]}
ZAU|ZAU_H_00129_56982|1|18000|60000|{"type": "Polygon", "coordinates": [[[-85.25, 27.5],[-85.25, 27.5],[-84.5, 27.5],[-83.2405555556, 24.6438888889],[-83.1666666667, 24.0],[-78.0, 24.0],[-79.0, 24.6666666667],[-79.0, 26.45],[-78.8833333333, 27.0],[-77.0, 27.0],[-77.0, 27.55],[-76.2644444444, 27.8333333333],[-77.0, 30.0],[-79.1847222222, 30.2027777778],[-79.3111111111, 30.1375],[-79.6166666667, 29.2083333333],[-80.1833333333, 29.0],[-80.7333333333, 28.9],[-80.9861111111, 28.7277777778],[-81.0, 28.5666666667],[-82.3833333333, 27.95],[-82.9416666667, 27.95],[-83.1172222222, 28.0872222222],[-83.2083333333, 28.1583333333],[-83.5166666667, 28.4],[-84.0166666667, 28.55],[-84.5, 28.1666666667],[-84.6158333333, 28.0627777778],[-84.95, 28.0333333333],[-85.25, 27.5]]]}
ZAU|ZAU_L_00129_56982|1|0|18000|{"type": "Polygon", "coordinates": [[[-85.25, 27.5],[-85.25, 27.5],[-84.5, 27.5],[-83.2405555556, 24.6438888889],[-83.1666666667, 24.0],[-78.0, 24.0],[-79.0, 24.6666666667],[-79.0, 26.45],[-78.8833333333, 27.0],[-77.0, 27.0],[-77.0, 27.55],[-76.2644444444, 27.8333333333],[-77.0, 30.0],[-79.1847222222, 30.2027777778],[-79.3111111111, 30.1375],[-79.6166666667, 29.2083333333],[-80.1833333333, 29.0],[-80.7333333333, 28.9],[-80.9861111111, 28.7277777778],[-81.0, 28.5666666667],[-82.3833333333, 27.95],[-82.9416666667, 27.95],[-83.1172222222, 28.0872222222],[-83.2083333333, 28.1583333333],[-83.5166666667, 28.4],[-84.0166666667, 28.55],[-84.5, 28.1666666667],[-84.6158333333, 28.0627777778],[-84.95, 28.0333333333],[-85.25, 27.5]]]}
ZAU|ZAU_H_53493_53400|1|18000|60000|{"type": "Polygon", "coordinates": [[[-95.3666666667, 35.8708333333],[-95.3666666667, 35.8708333333],[-95.0, 35.6541666667],[-95.0, 35.3833333333],[-95.0, 35.0666666667],[-94.7833333333, 34.6916666667],[-94.5333333333, 34.5333333333],[-93.5416666667, 34.0333333333],[-93.1583333333, 33.95],[-91.9, 33.0041666667],[-91.6888888889, 32.2833333333],[-91.3083333333, 31.9125],[-90.3458333333, 31.65],[-89.85, 31.6305555556],[-88.9, 31.5472222222],[-88.325, 31.5166666667],[-88.3472222222, 32.3305555556],[-87.85, 32.6972222222],[-87.9861111111, 33.0430555556],[-87.6333333333, 33.3166666667],[-87.55, 34.0166666667],[-87.25, 34.1],[-87.0, 34.3666666667],[-87.0, 35.3333333333],[-86.0, 35.5166666667],[-85.2833333333, 35.65],[-85.4, 36.1833333333],[-85.5833333333, 36.9],[-85.7458333333, 37.0138888889],[-86.15, 37.3],[-87.3972222222, 37.275],[-88.3166666667, 37.725],[-88.8333333333, 37.5333333333],[-90.5666666667, 37.15],[-93.25, 36.725],[-94.4083333333, 36.4916666667],[-94.6833333333, 36.4333333333],[-95.3666666667, 35.8708333333]]]}
ZAU|ZAU_L_58820_58661|1|0|18000|{"type": "Polygon", "coordinates": [[[-95.6125, 36.0166666667],[-95.6125, 36.0166666667],[-95.0, 35.6541666667],[-95.0, 35.3833333333],[-95.0, 35.0666666667],[-94.7833333333, 34.6916666667],[-94.5333333333, 34.5333333333],[-93.5416666667, 34.0333333333],[-93.1583333333, 33.95],[-91.9, 33.0041666667],[-91.6888888889, 32.2833333333],[-91.3083333333, 31.9125],[-90.3458333333, 31.65],[-89.85, 31.6305555556],[-88.9, 31.5472222222],[-88.325, 31.5166666667],[-88.3472222222, 32.3305555556],[-87.85, 32.6972222222],[-87.9861111111, 33.0430555556],[-87.6333333333, 33.3166666667],[-87.55, 34.0166666667],[-87.25, 34.1],[-86.7133333333, 34.1],[-86.175, 34.3875],[-86.075, 34.6361111111],[-85.9305555556, 34.8111111111],[-85.4833333333, 34.85],[-85.2333333333, 35.4166666667],[-85.4, 36.1833333333],[-85.5833333333, 36.9],[-85.7458333333, 37.0138888889],[-86.15, 37.3],[-87.3972222222, 37.275],[-88.3166666667, 37.725],[-88.8333333333, 37.5333333333],[-90.5666666667, 37.15],[-93.25, 36.725],[-94.4083333333, 36.4916666667],[-94.6833333333, 36.4333333333],[-95.1958333333, 36.2875],[-95.4, 36.2041666667],[-95.6125, 36.0166666667]]]}
ZAU|ZAU_H_56300_55830|1|18000|60000|{"type": "Polygon", "coordinates": [[[-103.166666667, 49.0],[-103.166666667, 49.0],[-103.166666667, 46.6],[-103.166666667, 44.9583333333],[-101.483333333, 44.7],[-101.408333333, 43.7083333333],[-100.1, 43.2888888889],[-99.0166666667, 42.0],[-99.0583333333, 39.9833333333],[-98.8, 39.4666666667],[-93.4916666667, 40.525],[-93.6, 41.1666666667],[-93.5083333333, 41.4333333333],[-93.4666666667, 41.6666666667],[-93.05, 42.6666666667],[-93.0, 42.7833333333],[-91.725, 42.725],[-91.0833333333, 43.3666666667],[-90.8291666667, 43.6180555556],[-90.2916666667, 44.1541666667],[-89.5875, 44.1541666667],[-89.0761111111, 44.225],[-88.7541666667, 44.1594444444],[-88.4666666667, 44.1],[-87.5416666667, 43.9666666667],[-87.1694444444, 43.6916666667],[-84.9636111111, 43.5866666667],[-82.1694444444, 43.8552777778],[-82.5, 45.3333333333],[-83.5833333333, 45.8166666667],[-84.3583333333, 46.25],[-84.5333333333, 46.3833333333],[-85.6333333333, 46.75],[-87.0, 47.0833333333],[-88.775, 47.9083333333],[-88.8069444444, 47.8938888889],[-88.9369444444, 47.8419444444],[-89.0780555556, 47.8058333333],[-89.2261111111, 47.7866666667],[-89.3769444444, 47.785],[-89.5258333333, 47.8008333333],[-89.6686111111, 47.8333333333],[-89.8011111111, 47.8822222222],[-89.9191666667, 47.9455555556],[-90.0194444444, 48.0216666667],[-90.1, 48.1083333333],[-93.5, 49.0],[-95.1666666667, 49.0],[-96.0, 49.0],[-96.5, 49.0],[-97.0, 49.0],[-97.5, 49.0],[-98.0, 49.0],[-98.5, 49.0],[-99.0, 49.0],[-99.5, 49.0],[-100.0, 49.0],[-100.5, 49.0],[-101.0, 49.0],[-101.5, 49.0],[-102.0, 49.0],[-102.5, 49.0],[-103.0, 49.0],[-103.166666667, 49.0]]]}
ZAU|ZAU_L_61701_61140|1|0|18000|{"type": "Polygon", "coordinates": [[[-103.166666667, 49.0],[-103.166666667, 49.0],[-103.166666667, 46.6],[-103.166666667, 44.9583333333],[-101.483333333, 44.7],[-101.408333333, 43.7083333333],[-100.1, 43.2888888889],[-99.0166666667, 42.0],[-99.0583333333, 39.9833333333],[-98.8, 39.4666666667],[-93.4916666667, 40.525],[-93.6, 41.1666666667],[-93.5083333333, 41.4333333333],[-93.4666666667, 41.6666666667],[-93.05, 42.6666666667],[-93.0, 42.7833333333],[-91.725, 42.725],[-91.0833333333, 43.3666666667],[-90.8291666667, 43.6180555556],[-90.2916666667, 44.1541666667],[-89.5875, 44.1541666667],[-89.0761111111, 44.225],[-88.7541666667, 44.1594444444],[-88.4666666667, 44.1],[-87.5416666667, 43.9666666667],[-87.1694444444, 43.6916666667],[-84.9636111111, 43.5866666667],[-82.1694444444, 43.8552777778],[-82.5, 45.3333333333],[-83.5833333333, 45.8166666667],[-84.3583333333, 46.25],[-84.5333333333, 46.3833333333],[-85.6333333333, 46.75],[-87.0, 47.0833333333],[-88.775, 47.9083333333],[-88.8069444444, 47.8938888889],[-88.9369444444, 47.8419444444],[-89.0780555556, 47.8058333333],[-89.2261111111, 47.7866666667],[-89.3769444444, 47.785],[-89.5258333333, 47.8008333333],[-89.6686111111, 47.8333333333],[-89.8011111111, 47.8822222222],[-89.9191666667, 47.9455555556],[-90.0194444444, 48.0216666667],[-90.1, 48.1083333333],[-93.5, 49.0],[-95.1666666667, 49.0],[-96.0, 49.0],[-96.5, 49.0],[-97.0, 49.0],[-97.5, 49.0],[-98.0, 49.0],[-98.5, 49.0],[-99.0, 49.0],[-99.5, 49.0],[-100.0, 49.0],[-100.5, 49.0],[-101.0, 49.0],[-101.5, 49.0],[-102.0, 49.0],[-102.5, 49.0],[-103.0, 49.0],[-103.166666667, 49.0]]]}
ZAU|ZAU_H_54580_53734|1|18000|60000|{"type": "Polygon", "coordinates": [[[-73.15, 39.7333333333],[-73.15, 39.7333333333],[-73.2833333333, 39.7333333333],[-73.1666666667, 39.6833333333],[-73.4333333333, 39.3333333333],[-73.8416666667, 38.7666666667],[-73.9833333333, 38.5416666667],[-74.5997222222, 37.0816666667],[-74.5997222222, 36.7877777778],[-74.9369444444, 35.4969444444],[-75.19, 35.3080555556],[-75.6838888889, 34.6002777778],[-76.7794444444, 32.9677777778],[-77.0, 32.2622222222],[-76.8166666667, 32.2],[-73.95, 34.2333333333],[-73.5730555556, 34.4880555556],[-72.6666666667, 35.0930555556],[-72.6666666667, 37.2275],[-71.6833333333, 37.5166666667],[-69.95, 38.3333333333],[-67.0, 39.0],[-67.0, 41.6166666667],[-69.0, 41.0],[-69.3416666667, 40.925],[-70.8794444444, 40.5766666667],[-72.5, 40.0722222222],[-72.7819444444, 40.1986111111],[-73.0083333333, 39.9944444444],[-73.15, 39.7333333333]]]}
ZAU|ZAU_H_54910_54830|1|18000|60000|{"type": "Polygon", "coordinates": [[[-76.8027777778, 42.6083333333],[-76.8027777778, 42.6083333333],[-77.2361111111, 42.175],[-77.5416666667, 41.6777777778],[-77.85, 41.2555555556],[-78.1277777778, 40.8583333333],[-77.8791666667, 40.55],[-77.8402777778, 39.8555555556],[-77.6172222222, 39.7722222222],[-77.3566666667, 39.7816666667],[-77.3583333333, 39.51],[-76.8555555556, 39.385],[-76.3472222222, 39.3916666667],[-75.65, 39.85],[-75.625, 39.8611111111],[-75.3291666667, 40.0694444444],[-74.7833333333, 40.1097222222],[-74.6847222222, 39.9833333333],[-73.6986111111, 40.2388888889],[-73.2916666667, 40.8013888889],[-73.3777777778, 40.8583333333],[-73.8597222222, 40.8583333333],[-73.8666666667, 41.2458333333],[-74.4444444444, 41.4375],[-74.7666666667, 41.7333333333],[-74.8083333333, 41.7583333333],[-74.9083333333, 41.8013888889],[-75.0583333333, 41.8694444444],[-75.3416666667, 41.9888888889],[-76.0166666667, 42.2833333333],[-76.8027777778, 42.6083333333]]]}
ZAU|ZAU_L_60290_54910|1|0|18000|{"type": "Polygon", "coordinates": [[[-76.6972222222, 42.7277777778],[-76.6972222222, 42.7277777778],[-76.8027777778, 42.6083333333],[-77.2361111111, 42.175],[-77.5416666667, 41.6777777778],[-77.85, 41.2555555556],[-78.1277777778, 40.8583333333],[-77.8791666667, 40.55],[-77.8402777778, 39.8555555556],[-77.355, 39.875],[-77.3566666667, 39.7816666667],[-77.3583333333, 39.51],[-76.8555555556, 39.385],[-76.3472222222, 39.3916666667],[-75.65, 39.85],[-75.625, 39.8611111111],[-75.1183333333, 40.2166666667],[-75.1197222222, 40.2175],[-75.0963888889, 40.2227777778],[-75.0758333333, 40.2305555556],[-75.0575, 40.2394444444],[-75.0366666667, 40.255],[-75.0163888889, 40.29],[-75.0166666667, 40.2902777778],[-74.9569444444, 40.3416666667],[-74.6763888889, 40.2583333333],[-74.5152777778, 40.3083333333],[-74.3333333333, 40.25],[-74.4527777778, 40.1444444444],[-74.6847222222, 39.9833333333],[-74.8041666667, 39.9],[-74.94, 39.7516666667],[-74.9111111111, 39.7097222222],[-74.8, 39.6527777778],[-74.4555555556, 39.6558333333],[-74.4986111111, 39.5930555556],[-74.1944444444, 39.5791666667],[-73.6583333333, 39.0347222222],[-73.8416666667, 38.7666666667],[-73.9833333333, 38.5416666667],[-74.5997222222, 37.0816666667],[-74.5997222222, 36.7877777778],[-74.9369444444, 35.4969444444],[-75.19, 35.3080555556],[-75.6838888889, 34.6002777778],[-76.7794444444, 32.9677777778],[-77.0, 32.2622222222],[-76.8166666667, 32.2],[-73.95, 34.2333333333],[-73.5730555556, 34.4880555556],[-72.6666666667, 35.0930555556],[-72.6666666667, 37.2275],[-71.6833333333, 37.5166666667],[-69.95, 38.3333333333],[-67.0, 39.0],[-67.0, 41.6166666667],[-69.0, 41.0],[-69.3416666667, 40.925],[-70.8794444444, 40.5766666667],[-72.5, 40.0722222222],[-72.9888888889, 40.2916666667],[-73.2361111111, 40.3986111111],[-73.2541666667, 40.4097222222],[-73.4, 40.3875],[-73.6361111111, 40.3319444444],[-73.2916666667, 40.8013888889],[-73.3777777778, 40.8583333333],[-73.8597222222, 40.8583333333],[-73.8666666667, 41.2458333333],[-74.0061111111, 41.2944444444],[-74.0847222222, 41.3194444444],[-74.075, 41.3416666667],[-74.3458333333, 41.4833333333],[-74.9583333333, 41.7416666667],[-75.0583333333, 41.8694444444],[-75.3416666667, 41.9888888889],[-76.0527777778, 42.3119444444],[-75.9694444444, 42.6958333333],[-76.0138888889, 42.8625],[-76.0888888889, 42.9375],[-76.4833333333, 42.9416666667],[-76.6666666667, 42.8833333333],[-76.6972222222, 42.7277777778]]]}
ZAU|ZAU_H_55530_54160|1|18000|60000|{"type": "Polygon", "coordinates": [[[-126.9, 40.9833333333],[-126.9, 40.9833333333],[-127.0, 40.0],[-126.615833333, 38.5805555556],[-126.933333333, 36.4619444444],[-125.833333333, 35.5],[-124.2, 36.0],[-123.25, 34.5],[-120.85, 35.5333333333],[-120.116666667, 35.75],[-119.5, 35.6333333333],[-119.166666667, 36.1333333333],[-118.583333333, 36.1333333333],[-118.583333333, 37.2],[-117.333333333, 37.2],[-117.008333333, 37.3666666667],[-117.075833333, 37.4416666667],[-117.094722222, 37.55],[-117.094722222, 37.8833333333],[-117.266666667, 38.0833333333],[-117.366666667, 39.9333333333],[-119.5, 41.0],[-121.25, 41.0],[-122.416666667, 41.3333333333],[-123.0, 41.3333333333],[-123.533333333, 41.3333333333],[-123.533333333, 40.3875],[-123.833333333, 40.2166666667],[-125.333333333, 40.2166666667],[-126.9, 40.9833333333]]]}
ZAU|ZAU_L_59951_59450|1|0|18000|{"type": "Polygon", "coordinates": [[[-126.9, 40.9833333333],[-126.9, 40.9833333333],[-127.0, 40.0],[-126.615833333, 38.5805555556],[-126.933333333, 36.4619444444],[-125.833333333, 35.5],[-124.2, 36.0],[-123.25, 34.5],[-120.85, 35.5333333333],[-120.116666667, 35.75],[-119.5, 35.6333333333],[-119.166666667, 36.1333333333],[-118.583333333, 36.1333333333],[-118.583333333, 37.2],[-117.333333333, 37.2],[-117.008333333, 37.3666666667],[-117.075833333, 37.4416666667],[-117.094722222, 37.55],[-117.094722222, 37.8833333333],[-117.266666667, 38.0833333333],[-117.366666667, 39.9333333333],[-119.5, 41.0],[-121.25, 41.0],[-122.416666667, 41.3333333333],[-123.0, 41.3333333333],[-123.533333333, 41.3333333333],[-123.533333333, 40.3875],[-123.833333333, 40.2166666667],[-125.333333333, 40.2166666667],[-126.9, 40.9833333333]]]}
ZAU|ZAU_U_50065_50069|1|0|18000|{"type": "Polygon", "coordinates": [[[155.0, 21.0],[155.0, 21.0],[155.0, 23.5275],[151.0, 21.0],[155.0, 21.0]]]}
ZAU|ZAU_U_50075_50079|1|0|18000|{"type": "Polygon", "coordinates": [[[165.0, 27.0],[165.0, 27.0],[165.0, 29.0],[161.080555556, 27.0],[165.0, 27.0]]]}
ZAU|ZAU_U_50081_50087|1|0|18000|{"type": "Polygon", "coordinates": [[[161.080555556, 27.0],[161.080555556, 27.0],[155.0, 27.0],[155.0, 23.5275],[161.080555556, 27.0]]]}
ZAU|ZAU_U_51161_51117|1|0|18000|{"type": "Polygon", "coordinates": [[[-137.0, 53.3675],[-137.0, 53.3675],[-131.166666667, 47.5833333333],[-130.5, 47.5],[-127.925, 48.1666666667],[-128.0, 48.3333333333],[-133.75, 51.0],[-135.0, 52.7166666667],[-137.0, 53.3675]]]}
ZAU|ZAU_H_55030_00281|1|18000|60000|{"type": "Polygon", "coordinates": [[[-82.4666666667, 42.8708333333],[-82.4666666667, 42.8708333333],[-82.4611111111, 42.9111111111],[-82.4041666667, 42.9541666667],[-82.4166666667, 43.0113888889],[-82.1166666667, 43.6],[-82.1694444444, 43.8552777778],[-84.9636111111, 43.5866666667],[-85.0, 43.5],[-85.0, 42.0],[-84.7666666667, 41.8583333333],[-84.7166666667, 41.2833333333],[-84.7, 40.9583333333],[-84.7, 40.9083333333],[-83.7458333333, 40.7833333333],[-83.65, 40.7375],[-83.5, 40.5583333333],[-83.3333333333, 40.5083333333],[-81.7833333333, 40.6],[-81.6333333333, 40.2166666667],[-81.55, 39.75],[-80.5, 39.1666666667],[-80.4, 39.1666666667],[-79.8944444444, 39.1736111111],[-79.5430555556, 39.3708333333],[-77.9333333333, 39.85],[-77.8402777778, 39.8555555556],[-77.8791666667, 40.55],[-78.1277777778, 40.8583333333],[-77.85, 41.2555555556],[-77.5416666667, 41.6777777778],[-77.2361111111, 42.175],[-76.8027777778, 42.6083333333],[-76.6972222222, 42.7277777778],[-76.6891666667, 42.7686111111],[-76.6666666667, 42.8833333333],[-76.7333333333, 43.0166666667],[-76.7638888889, 43.0666666667],[-76.775, 43.3291666667],[-76.7783333333, 43.3544444444],[-76.7805555556, 43.4],[-76.7966666667, 43.6311111111],[-77.1766666667, 43.6322222222],[-77.9419444444, 43.6341666667],[-78.35, 43.6333333333],[-78.6777777778, 43.6333333333],[-78.75, 43.6],[-78.75, 43.4333333333],[-79.0244444444, 43.1916666667],[-79.0583333333, 42.95],[-79.2, 42.9291666667],[-79.3375, 42.9083333333],[-79.75, 42.85],[-79.8444444444, 42.8361111111],[-80.2666666667, 42.8138888889],[-80.8958333333, 42.7791666667],[-81.2208333333, 42.7416666667],[-81.8277777778, 42.8083333333],[-81.8472222222, 42.8111111111],[-81.9708333333, 42.8291666667],[-82.2722222222, 42.8533333333],[-82.4083333333, 42.8666666667],[-82.4666666667, 42.8708333333]]]}
ZAU|ZAU_L_60490_60000|1|0|18000|{"type": "Polygon", "coordinates": [[[-85.0, 43.5],[-85.0, 43.5],[-85.0, 41.85],[-85.1083333333, 41.3833333333],[-84.7166666667, 41.2833333333],[-84.7, 40.9583333333],[-84.7, 40.9083333333],[-83.7458333333, 40.7833333333],[-83.65, 40.7375],[-83.5, 40.5583333333],[-83.3333333333, 40.5083333333],[-81.7833333333, 40.6],[-81.6333333333, 40.2166666667],[-81.55, 39.75],[-80.5, 39.1666666667],[-80.4, 39.1666666667],[-79.8944444444, 39.1736111111],[-79.5430555556, 39.3708333333],[-77.9333333333, 39.85],[-77.8402777778, 39.8555555556],[-77.8791666667, 40.55],[-78.1277777778, 40.8583333333],[-77.85, 41.2555555556],[-77.5416666667, 41.6777777778],[-77.2361111111, 42.175],[-76.8027777778, 42.6083333333],[-76.6972222222, 42.7277777778],[-76.6666666667, 42.8833333333],[-76.7333333333, 43.0166666667],[-76.7638888889, 43.0666666667],[-76.775, 43.3291666667],[-76.7783333333, 43.3544444444],[-76.7805555556, 43.4],[-76.7966666667, 43.6311111111],[-77.1766666667, 43.6322222222],[-77.9419444444, 43.6341666667],[-78.35, 43.6333333333],[-78.6777777778, 43.6333333333],[-78.75, 43.6],[-78.75, 43.4333333333],[-79.0244444444, 43.1916666667],[-79.0583333333, 42.95],[-79.2, 42.9291666667],[-79.3375, 42.9083333333],[-79.75, 42.85],[-79.8444444444, 42.8361111111],[-80.2666666667, 42.8138888889],[-80.8958333333, 42.7791666667],[-81.2208333333, 42.7416666667],[-81.8277777778, 42.8083333333],[-81.8472222222, 42.8111111111],[-81.9708333333, 42.8291666667],[-82.2722222222, 42.8533333333],[-82.4083333333, 42.8666666667],[-82.4666666667, 42.8708333333],[-82.4611111111, 42.9111111111],[-82.4041666667, 42.9541666667],[-82.4166666667, 43.0113888889],[-82.3555555556, 43.1333333333],[-82.1166666667, 43.6],[-82.125, 43.6888888889],[-82.1694444444, 43.8552777778],[-84.9636111111, 43.5866666667],[-85.0, 43.5]]]}
ZAU|ZAU_H_56170_54534|1|18000|60000|{"type": "Polygon", "coordinates": [[[-128.0, 48.3333333333],[-128.0, 48.3333333333],[-126.5, 45.0],[-126.9, 40.9833333333],[-125.333333333, 40.2166666667],[-123.833333333, 40.2166666667],[-123.533333333, 40.3875],[-123.533333333, 41.3333333333],[-123.0, 41.3333333333],[-122.416666667, 41.3333333333],[-121.25, 41.0],[-119.5, 41.0],[-119.0, 42.6666666667],[-119.283333333, 43.6333333333],[-118.45, 44.85],[-117.75, 45.3333333333],[-115.0, 45.3333333333],[-115.0, 48.4166666667],[-114.666666667, 49.0],[-115.0, 49.0],[-115.5, 49.0],[-116.0, 49.0],[-116.5, 49.0],[-117.0, 49.0],[-117.5, 49.0],[-118.0, 49.0],[-118.5, 49.0],[-119.0, 49.0],[-119.5, 49.0],[-120.0, 49.0],[-120.5, 49.0],[-121.0, 49.0],[-121.5, 49.0],[-122.0, 49.0],[-122.533333333, 49.0],[-122.583333333, 49.0],[-123.0, 49.0],[-123.333333333, 49.0],[-123.008333333, 48.8333333333],[-123.008333333, 48.7666666667],[-123.266666667, 48.7],[-123.166666667, 48.4583333333],[-123.116666667, 48.425],[-123.258333333, 48.2833333333],[-123.55, 48.2333333333],[-124.75, 48.5],[-125.0, 48.5],[-128.0, 48.3333333333]]]}
ZAU|ZAU_L_61480_60840|1|0|18000|{"type": "Polygon", "coordinates": [[[-128.0, 48.3333333333],[-128.0, 48.3333333333],[-126.5, 45.0],[-126.9, 40.9833333333],[-125.333333333, 40.2166666667],[-123.833333333, 40.2166666667],[-123.533333333, 40.3875],[-123.533333333, 41.3333333333],[-123.0, 41.3333333333],[-122.416666667, 41.3333333333],[-121.25, 41.0],[-119.5, 41.0],[-119.0, 42.6666666667],[-119.283333333, 43.6333333333],[-118.45, 44.85],[-117.75, 45.3333333333],[-115.0, 45.3333333333],[-115.0, 48.4166666667],[-114.666666667, 49.0],[-115.0, 49.0],[-115.5, 49.0],[-116.0, 49.0],[-116.5, 49.0],[-116.55, 49.0],[-117.0, 49.0],[-117.5, 49.0],[-118.0, 49.0],[-118.5, 49.0],[-119.0, 49.0],[-119.5, 49.0],[-120.0, 49.0],[-120.5, 49.0],[-121.0, 49.0],[-121.5, 49.0],[-122.0, 49.0],[-122.55, 49.0],[-122.666666667, 49.0],[-122.916666667, 49.0],[-123.333333333, 49.0],[-123.008333333, 48.8333333333],[-123.008333333, 48.7666666667],[-123.266666667, 48.7],[-123.166666667, 48.4583333333],[-123.116666667, 48.425],[-123.258333333, 48.2833333333],[-123.55, 48.2333333333],[-124.75, 48.5],[-125.0, 48.5],[-128.0, 48.3333333333]]]}
ZAU|ZAU_H_53380_53395|1|18000|60000|{"type": "Polygon", "coordinates": [[[-85.4, 36.1833333333],[-85.4, 36.1833333333],[-85.2833333333, 35.65],[-86.0, 35.5166666667],[-87.0, 35.3333333333],[-87.0, 34.3666666667],[-87.25, 34.1],[-87.55, 34.0166666667],[-87.6333333333, 33.3166666667],[-87.9861111111, 33.0430555556],[-87.85, 32.6972222222],[-88.3472222222, 32.3305555556],[-88.325, 31.5166666667],[-87.8166666667, 31.5208333333],[-87.4, 31.2805555556],[-86.95, 31.4916666667],[-85.5833333333, 31.7625],[-85.3083333333, 31.5333333333],[-84.1, 31.6833333333],[-83.1125, 31.6833333333],[-82.3333333333, 32.1666666667],[-81.9333333333, 32.5625],[-81.8413888889, 32.9002777778],[-81.85, 33.8888888889],[-81.8044444444, 33.9852777778],[-81.5744444444, 34.2936111111],[-81.3333333333, 34.3944444444],[-80.4688888889, 34.7475],[-80.1472222222, 34.8555555556],[-80.0, 35.1083333333],[-79.8041666667, 35.3833333333],[-79.7444444444, 36.0888888889],[-79.95, 36.1541666667],[-80.6333333333, 37.3319444444],[-80.7458333333, 37.3041666667],[-85.4, 36.1833333333]]]}
ZAU|ZAU_L_58571_58581|1|0|18000|{"type": "Polygon", "coordinates": [[[-85.4, 36.1833333333],[-85.4, 36.1833333333],[-85.2333333333, 35.4166666667],[-85.4833333333, 34.85],[-85.9305555556, 34.8111111111],[-86.075, 34.6361111111],[-86.175, 34.3875],[-86.7133333333, 34.1],[-87.25, 34.1],[-87.55, 34.0166666667],[-87.6333333333, 33.3166666667],[-87.9861111111, 33.0430555556],[-87.85, 32.6972222222],[-88.3472222222, 32.3305555556],[-88.325, 31.5166666667],[-87.8166666667, 31.5208333333],[-87.4, 31.2805555556],[-86.95, 31.4916666667],[-83.8, 32.0916666667],[-83.4958333333, 32.125],[-82.6458333333, 32.4472222222],[-82.2, 32.2916666667],[-81.9333333333, 32.5625],[-81.8413888889, 32.9002777778],[-81.85, 33.8888888889],[-81.8044444444, 33.9852777778],[-81.5744444444, 34.2936111111],[-81.3333333333, 34.3944444444],[-80.4688888889, 34.7475],[-80.1472222222, 34.8555555556],[-80.0, 35.1083333333],[-79.8041666667, 35.3833333333],[-79.7444444444, 36.0888888889],[-79.95, 36.1541666667],[-80.6333333333, 37.3319444444],[-80.7458333333, 37.3041666667],[-85.4, 36.1833333333]]]}
